project,evidence_source,development_exposed,selection_reason,source_provider,namespace,commit,tree_oid,nonblank_source_loc,initial_alert_density_per_nonblank_kloc,alert_volume_stratum,initial_alerts,final_alerts,eliminated_alerts,remaining_alerts,introduced_alerts,net_reduction,gross_elimination_rate,net_reduction_rate,validation_scans,maximum_validation_scans,best_valid_round,last_valid_round,final_selection_status,build_status,test_status,input_tokens,cached_input_tokens,output_tokens,total_tokens,api_cost,wall_clock_seconds,guide_rules_required,guide_rules_trace_accessed,guide_access_complete,run_manifest_path,run_manifest_sha256
CanvasTest,primary_scheduler,False,top_security,GitCode,OpenHarmony-SIG,bab7df7818c3110903912fe8fbddeca461abe3f3,8a17b5a1c3d70beca12e743e8bcff23fa179f9c3,798,28.82205513784461,lt_100,23,0,23,0,0,23,1.0,1.0,2,5,2,2,latest_candidate_is_best_valid,not_available,not_run,1441842,1286656,22117,1463959,,513.4970596850035,5,1,False,/home/zhihao/hdd/haprepair/baseline_data/exp_hapskill/runs/exp_hapskill_35_luna_v14_namespace_export_safe_01/hapskill/CanvasTest/run_manifest.json,e4a6654714fe74fd4ba2f5b4d61c54041e88f0dc8375a5293ffaccdd137d99bf
HealthyPotAssistant,primary_scheduler,False,top_security,existing_upstream_checkout,OpenHarmony-SIG,10305e89a57ddfba5909ad55028251bf36933b4c,caa44304b85cbc69d4737fe55842658cba3355af,1114,50.269299820466784,lt_100,56,0,56,0,0,56,1.0,1.0,3,5,3,3,latest_candidate_is_best_valid,not_available,not_run,403339,350720,7543,410882,,187.11329077300616,10,2,False,/home/zhihao/hdd/haprepair/baseline_data/exp_hapskill/runs/exp_hapskill_35_luna_v14_namespace_export_safe_01/hapskill/HealthyPotAssistant/run_manifest.json,5aed9e21b5990bf0814346b019d68d38296d8a7491fa5ec16b1f61ef321786cd
Image,primary_scheduler,False,top_total,existing_upstream_checkout,OpenHarmony,0e5669440d9a2896dacc40c5afbe3de9f4d20b59,0546fcdacd4a79719ea7e06f5f1b13e417659fb9,82526,14.480285001090566,ge_500,1195,8,1188,7,1,1187,0.994142259414226,0.9933054393305439,5,5,5,5,latest_candidate_is_best_valid,not_available,not_run,83863292,79440896,474846,84338138,,5297.187895253999,22,6,False,/home/zhihao/hdd/haprepair/baseline_data/exp_hapskill/runs/exp_hapskill_35_luna_v14_namespace_export_safe_01/hapskill/Image/run_manifest.json,0daca48088f505e066f6a8ce5a8843a9602170637133801da8be24885c2ba512
Info,primary_scheduler,False,top_total,existing_upstream_checkout,OpenHarmony,0e5669440d9a2896dacc40c5afbe3de9f4d20b59,ddb3917a7ecd87bd78c2e1ca8cf8b9801d3702cc,31951,15.179493599574348,100_to_499,485,0,485,0,0,485,1.0,1.0,4,5,4,4,latest_candidate_is_best_valid,not_available,not_run,7066927,6542848,78111,7145038,,1315.8354441170231,9,7,False,/home/zhihao/hdd/haprepair/baseline_data/exp_hapskill/runs/exp_hapskill_35_luna_v14_namespace_export_safe_01/hapskill/Info/run_manifest.json,851aca7e5d67eb7971902018123bf0b202c564b81bfa0dac7a2f03e0ea0b2780
JS_dialog_box_static,primary_scheduler,False,top_total,GitCode,OpenHarmony,0e1b66cb7dcfd4c77d3caab43bcbdb2c61a2ab3b,8f9040255af55811b6364211cbc99b0682aacc9e,1503,66.53359946773121,100_to_499,100,0,100,0,0,100,1.0,1.0,1,5,1,1,latest_candidate_is_best_valid,not_available,not_run,1638752,1469440,30414,1669166,,338.67024961998686,3,0,False,/home/zhihao/hdd/haprepair/baseline_data/exp_hapskill/runs/exp_hapskill_35_luna_v14_namespace_export_safe_01/hapskill/JS_dialog_box_static/run_manifest.json,053093bab2c1adfbeb4ccffc9dfe9ed5d38e863e8f097c3525e995ed5c1cd44f
PullLinking,primary_scheduler,False,top_security,GitCode,OpenHarmony,f10120f8787d0c5c48c81dab380b2d72f155e46e,5f18826b48c009aee34990277f065b229029864e,1548,0.6459948320413437,lt_100,1,0,1,0,0,1,1.0,1.0,1,5,1,1,latest_candidate_is_best_valid,not_available,not_run,409034,363776,5867,414901,,149.8210027429741,1,1,True,/home/zhihao/hdd/haprepair/baseline_data/exp_hapskill/runs/exp_hapskill_35_luna_v14_namespace_export_safe_01/hapskill/PullLinking/run_manifest.json,8f33a0b160e63dfc786d874880d4cf444ab5293a4044c16c641ae0320dbe9be9
TextComponentTest,primary_scheduler,False,top_total,existing_upstream_checkout,OpenHarmony,0e5669440d9a2896dacc40c5afbe3de9f4d20b59,7d19cd51267a23dfa012f0591c6deee0c5d225e3,46158,15.793578577927986,ge_500,729,0,729,0,0,729,1.0,1.0,2,5,2,2,latest_candidate_is_best_valid,passed,not_run,3259921,3022848,37174,3297095,,483.74833895702614,6,2,False,/home/zhihao/hdd/haprepair/baseline_data/exp_hapskill/runs/exp_hapskill_35_luna_v14_namespace_export_safe_01/hapskill/TextComponentTest/run_manifest.json,1abeb953dbd5c519d228dee97a22fa32809abf650a249e7db18b11fb60e62ffb
YFree_HarmonyOS,primary_scheduler,False,top_security,existing_upstream_checkout,OpenHarmony-SIG,524289b349c39d73d8436be6da9d6302ae628c49,fc15ad6c2b43ddf3bbca48ca4ba369b233cdaffe,1499,26.6844563042028,lt_100,40,0,40,0,0,40,1.0,1.0,2,5,2,2,latest_candidate_is_best_valid,not_available,not_run,3142893,2877184,51066,3193959,,953.7626088839606,4,4,True,/home/zhihao/hdd/haprepair/baseline_data/exp_hapskill/runs/exp_hapskill_35_luna_v14_namespace_export_safe_01/hapskill/YFree_HarmonyOS/run_manifest.json,1b187f62114a5b820a88e0bfb32b148030cf20d2b087d55833651c17c3c3ad2e
ace_ets_component_common_attrss_flex001,primary_scheduler,False,top_total,existing_upstream_checkout,OpenHarmony,b79ac40f940b84c4077f7d393670a7f57cac10d3,65f802f7f7c0b26d799a79694582f5249b18a232,4898,14.699877501020826,lt_100,72,0,72,0,0,72,1.0,1.0,1,5,1,1,latest_candidate_is_best_valid,not_available,not_run,2953719,2734592,48680,3002399,,607.0074252439663,3,1,False,/home/zhihao/hdd/haprepair/baseline_data/exp_hapskill/runs/exp_hapskill_35_luna_v14_namespace_export_safe_01/hapskill/ace_ets_component_common_attrss_flex001/run_manifest.json,a156e4cc12a6d592e9851f5551d074fe8e0fd3220ea544e1fc914fc1e9a4a7cc
ace_ets_component_common_attrss_flex_nowear,primary_scheduler,False,top_total,existing_upstream_checkout,OpenHarmony,b79ac40f940b84c4077f7d393670a7f57cac10d3,24cd914756ced09acbc67eba8bc5eb416316bbaf,4777,15.072221059242201,lt_100,72,0,72,0,0,72,1.0,1.0,1,5,1,1,latest_candidate_is_best_valid,not_available,not_run,3411480,3162624,44495,3455975,,555.3319111760356,3,1,False,/home/zhihao/hdd/haprepair/baseline_data/exp_hapskill/runs/exp_hapskill_35_luna_v14_namespace_export_safe_01/hapskill/ace_ets_component_common_attrss_flex_nowear/run_manifest.json,04237a343a6a903d64c30538091a08cedd5efd78e7d1995271c5d6aa23e1dbed
ace_ets_module_RouteManagement_api12,primary_scheduler,False,top_total,existing_upstream_checkout,OpenHarmony,b79ac40f940b84c4077f7d393670a7f57cac10d3,4b4ffaeb8412a8429ee73aae78dcc8b07fbdc5cf,11824,7.104194857916103,lt_100,84,0,84,0,0,84,1.0,1.0,1,5,1,1,latest_candidate_is_best_valid,not_available,not_run,2052217,1790208,24173,2076390,,55.35772484896006,5,3,False,/home/zhihao/hdd/haprepair/baseline_data/exp_hapskill/runs/exp_hapskill_35_luna_v14_namespace_export_safe_01/hapskill/ace_ets_module_RouteManagement_api12/run_manifest.json,24d79fff7dab1a48e9a22c316d02ca89e60ef1d14264ff91133e4527619ea20d
ace_ets_module_commonAttrsLayout_api11,primary_scheduler,False,top_total,existing_upstream_checkout,OpenHarmony,b79ac40f940b84c4077f7d393670a7f57cac10d3,08b2e8729f543ffc984b4571011950ec2e672c1d,16638,4.988580358216131,lt_100,83,0,83,0,0,83,1.0,1.0,1,5,1,1,latest_candidate_is_best_valid,not_available,not_run,3821256,3327744,44160,3865416,,227.8841821399983,5,5,True,/home/zhihao/hdd/haprepair/baseline_data/exp_hapskill/runs/exp_hapskill_35_luna_v14_namespace_export_safe_01/hapskill/ace_ets_module_commonAttrsLayout_api11/run_manifest.json,8ef3febc303ac524be6637f8bf212f23add509f07ca9f68d8e71da9436eca078
ace_ets_module_imageText_api12,primary_scheduler,False,top_total,existing_upstream_checkout,OpenHarmony,b79ac40f940b84c4077f7d393670a7f57cac10d3,0d8d23151f3edf1b5cc7cde68892265a201cd878,80079,5.419648097503716,100_to_499,434,0,434,0,0,434,1.0,1.0,2,5,2,2,latest_candidate_is_best_valid,not_available,not_run,2838190,2601216,36231,2874421,,575.2723819899838,5,0,False,/home/zhihao/hdd/haprepair/baseline_data/exp_hapskill/runs/exp_hapskill_35_luna_v14_namespace_export_safe_01/hapskill/ace_ets_module_imageText_api12/run_manifest.json,d53992e8b27883590f8dded63124f2100a5c9b01466a5e543f3c01e7f88e14b4
ace_ets_module_imageText_api16,primary_scheduler,False,top_total,existing_upstream_checkout,OpenHarmony,b79ac40f940b84c4077f7d393670a7f57cac10d3,7dbb28a1b472882be9f8e46f5b154fd12108243a,6269,12.123145637262722,lt_100,76,0,76,0,0,76,1.0,1.0,1,5,1,1,latest_candidate_is_best_valid,not_available,not_run,2549156,2259968,39873,2589029,,371.68023245298536,4,0,False,/home/zhihao/hdd/haprepair/baseline_data/exp_hapskill/runs/exp_hapskill_35_luna_v14_namespace_export_safe_01/hapskill/ace_ets_module_imageText_api16/run_manifest.json,49ade02c1cdef6486a7399036802ed2c76e11212b17d2aaf3c1e99e98b609994
ace_ets_module_navigation1,primary_scheduler,False,top_total,GitCode,OpenHarmony,0e1b66cb7dcfd4c77d3caab43bcbdb2c61a2ab3b,d620310a11b318f3d50b9df5e2d96eb5fb49d6f6,9936,8.957326892109501,lt_100,89,0,89,0,0,89,1.0,1.0,1,5,1,1,latest_candidate_is_best_valid,not_available,not_run,2820160,2577408,57606,2877766,,607.134486392024,4,0,False,/home/zhihao/hdd/haprepair/baseline_data/exp_hapskill/runs/exp_hapskill_35_luna_v14_namespace_export_safe_01/hapskill/ace_ets_module_navigation1/run_manifest.json,0d0fc51a13ea59babd39b1124fa7d2afc26a3ed8704e8fe6df1fab67d48a2ac2
ace_ets_module_navigation_api12,primary_scheduler,False,top_total,existing_upstream_checkout,OpenHarmony,b79ac40f940b84c4077f7d393670a7f57cac10d3,d60e901a751270cb1e94c7510a5f94629f9d73a3,31903,14.167946588095164,100_to_499,452,0,452,0,0,452,1.0,1.0,1,5,1,1,latest_candidate_is_best_valid,not_available,not_run,3033482,2878208,21269,3054751,,631.3242740379646,5,0,False,/home/zhihao/hdd/haprepair/baseline_data/exp_hapskill/runs/exp_hapskill_35_luna_v14_namespace_export_safe_01/hapskill/ace_ets_module_navigation_api12/run_manifest.json,42622a5c3535fc14837b66351875d3a6a92849dfae012ed653ab25017ed8efec
ace_ets_module_nowear_waterflow,primary_scheduler,False,top_total,GitCode,OpenHarmony,0e1b66cb7dcfd4c77d3caab43bcbdb2c61a2ab3b,22e67a334d131885cb09778e785a3a541a2468c6,11710,40.22203245089667,100_to_499,471,0,471,0,0,471,1.0,1.0,2,5,2,2,latest_candidate_is_best_valid,not_available,not_run,18124524,17434112,123029,18247553,,1471.2463314380147,6,0,False,/home/zhihao/hdd/haprepair/baseline_data/exp_hapskill/runs/exp_hapskill_35_luna_v14_namespace_export_safe_01/hapskill/ace_ets_module_nowear_waterflow/run_manifest.json,314f9f8ccd1a229a394f1d19650b0a44a1d6b151314847fa6ea70fbf9ca81094
ace_ets_module_router1,primary_scheduler,False,top_total,GitCode,OpenHarmony,0e1b66cb7dcfd4c77d3caab43bcbdb2c61a2ab3b,24e50a73c2b45e4b142171ef6f8ab10fccc0a187,18544,5.338654012079378,lt_100,99,0,99,0,0,99,1.0,1.0,1,5,1,1,latest_candidate_is_best_valid,not_available,not_run,3421311,3194880,60475,3481786,,773.0398157580057,5,0,False,/home/zhihao/hdd/haprepair/baseline_data/exp_hapskill/runs/exp_hapskill_35_luna_v14_namespace_export_safe_01/hapskill/ace_ets_module_router1/run_manifest.json,8117682c297c62dcd54aec1dce17a4bc5dc22f498eb3c5b6937606a44b756db9
ace_ets_module_scroll_nowear_api12,primary_scheduler,False,top_total,existing_upstream_checkout,OpenHarmony,b79ac40f940b84c4077f7d393670a7f57cac10d3,37f23153d5653f4627ca2d03e246f4bae70cd44f,9091,45.09954900450996,100_to_499,410,0,410,0,0,410,1.0,1.0,2,5,2,2,latest_candidate_is_best_valid,not_available,not_run,5712239,5420800,56267,5768506,,1190.1745514060021,6,6,True,/home/zhihao/hdd/haprepair/baseline_data/exp_hapskill/runs/exp_hapskill_35_luna_v14_namespace_export_safe_01/hapskill/ace_ets_module_scroll_nowear_api12/run_manifest.json,d3eebec572f28f57488f2d174ff7601fefb20fc6bca0bfaa5451bd903c98a7a4
ace_ets_module_swiper,primary_scheduler,False,top_total,GitCode,OpenHarmony,0e1b66cb7dcfd4c77d3caab43bcbdb2c61a2ab3b,3c36284bacbc24299cac89fb5cb7657d5522c54d,34684,13.176104255564526,100_to_499,457,0,457,0,0,457,1.0,1.0,4,5,4,4,latest_candidate_is_best_valid,not_available,not_run,2581774,2308864,44321,2626095,,990.586291799962,6,6,True,/home/zhihao/hdd/haprepair/baseline_data/exp_hapskill/runs/exp_hapskill_35_luna_v14_namespace_export_safe_01/hapskill/ace_ets_module_swiper/run_manifest.json,420ca6834728d6b5c61cd759335680217abba5cc6d928c78df4a69663e597925
ace_ets_module_swiper_api11,primary_scheduler,False,top_total,existing_upstream_checkout,OpenHarmony,b79ac40f940b84c4077f7d393670a7f57cac10d3,a1fb31fe8904143caccfae2fd1e8dcadafad121c,22997,17.045701613253904,100_to_499,392,0,392,0,0,392,1.0,1.0,2,5,2,2,latest_candidate_is_best_valid,not_available,not_run,1460699,1307136,29177,1489876,,60.03202661697287,5,0,False,/home/zhihao/hdd/haprepair/baseline_data/exp_hapskill/runs/exp_hapskill_35_luna_v14_namespace_export_safe_01/hapskill/ace_ets_module_swiper_api11/run_manifest.json,44a15ac26e8a833e72833824ed9403d9138f358f2521affbd993e8769a8c63ef
acts_validator,primary_scheduler,False,top_total,existing_upstream_checkout,OpenHarmony,b79ac40f940b84c4077f7d393670a7f57cac10d3,c2f4115cc20106e46484a5e8f628be03822eb567,42354,26.491004391556878,ge_500,1122,1,1122,0,1,1121,1.0,0.9991087344028521,5,5,3,5,restored_best_valid_candidate,not_available,not_run,44189506,41895424,313845,44503351,,1743.7910128610092,9,5,False,/home/zhihao/hdd/haprepair/baseline_data/exp_hapskill/runs/exp_hapskill_35_luna_v14_namespace_export_safe_01/hapskill/acts_validator/run_manifest.json,1fa22edd661600b22b453d3a2ce627326ab9f4289c9e099e1c92eea2545351c2
applications_permission_manager,primary_scheduler,False,top_total,existing_upstream_checkout,OpenHarmony,9fd6f1e3a65b342d12b9dc04b7d9492d5d5bfb63,d10b6ba28bdcd8572cfed9b0e9b52ae30eedaf98,11009,7.266781724043963,lt_100,80,0,80,0,0,80,1.0,1.0,2,5,2,2,latest_candidate_is_best_valid,not_available,not_run,1567855,1398016,26164,1594019,,335.6967591010034,8,2,False,/home/zhihao/hdd/haprepair/baseline_data/exp_hapskill/runs/exp_hapskill_35_luna_v14_namespace_export_safe_01/hapskill/applications_permission_manager/run_manifest.json,8ddf0d6a136e2d6e2ced6575a417bc2f530cad3134cbff0bee1d5dc427ab342d
applications_photos,primary_scheduler,False,top_total,existing_upstream_checkout,OpenHarmony,a2c993829c46d965abefc5d2143187fa54fa4604,2cab482a37680a282ec16e60bd22495791ae9736,38834,2.4720605654838543,lt_100,96,0,96,0,0,96,1.0,1.0,4,5,4,4,latest_candidate_is_best_valid,not_available,not_run,19786503,18604288,137422,19923925,,2418.0302656819695,10,5,False,/home/zhihao/hdd/haprepair/baseline_data/exp_hapskill/runs/exp_hapskill_35_luna_v14_namespace_export_safe_01/hapskill/applications_photos/run_manifest.json,6c709fdbf545924e674c73eb198b296b182403cb3c2a3532d5f10defa5b838da
applications_systemui,primary_scheduler,False,top_total,existing_upstream_checkout,OpenHarmony,d0f84037f1975dd9bf13ccbd279bd2d9b56e8a01,88777b1727094ce2ae081af00372a20cad1b0d49,24274,3.048529290598995,lt_100,74,0,74,0,0,74,1.0,1.0,2,5,2,2,latest_candidate_is_best_valid,not_available,not_run,22824540,21670912,187550,23012090,,1940.05128874199,6,3,False,/home/zhihao/hdd/haprepair/baseline_data/exp_hapskill/runs/exp_hapskill_35_luna_v14_namespace_export_safe_01/hapskill/applications_systemui/run_manifest.json,7229dbfeb8097d8399949f968fb95767cc9f4b08bc0d4c15dc00993a0e7d0a48
asn1_ber,primary_scheduler,False,top_total,existing_upstream_checkout,OpenHarmony-TPC,f0477376c50fb0715e53c1737430a61486616304,ccb4e1ed72064148d15259dc362a7bab5fe9b6a7,2057,157.99708313077298,100_to_499,325,0,325,0,0,325,1.0,1.0,1,5,1,1,latest_candidate_is_best_valid,passed,not_run,454303493,434242048,1528813,455832306,,69.55874474998564,2,2,True,/home/zhihao/hdd/haprepair/baseline_data/exp_hapskill/runs/exp_hapskill_35_luna_v14_namespace_export_safe_01/hapskill/asn1_ber/run_manifest.json,1de63033d1a9a5f6de63a5a2a4d060d0cc5a5bee9c337943ff4b3413d1dc19eb
audio_suite,primary_scheduler,False,top_security,GitCode,OpenHarmony,12421e142788bfa77008a2c305d0b30b271fed78,adca52ce7442f75696c5a4e462bb9b975582aa36,16230,13.185459026494147,100_to_499,214,0,214,0,0,214,1.0,1.0,5,5,5,5,latest_candidate_is_best_valid,not_available,not_run,28135592,26738176,211443,28347035,,3501.035287414037,15,8,False,/home/zhihao/hdd/haprepair/baseline_data/exp_hapskill/runs/exp_hapskill_35_luna_v14_namespace_export_safe_01/hapskill/audio_suite/run_manifest.json,00b61ff59a57420046e4d07e048682d19286effecda4eed281737867a431e246
bluetoothtest,primary_scheduler,False,top_total,existing_upstream_checkout,OpenHarmony,938e7c5256ca81533b596c8071b633eadc0304fe,e5f305d73b9ee2f95303aa5a7e7f1e5439f22dab,147289,3.347161023565915,100_to_499,493,0,493,0,0,493,1.0,1.0,3,5,3,3,latest_candidate_is_best_valid,not_available,not_run,35904588,33767168,262638,36167226,,2040.42874637997,8,1,False,/home/zhihao/hdd/haprepair/baseline_data/exp_hapskill/runs/exp_hapskill_35_luna_v14_namespace_export_safe_01/hapskill/bluetoothtest/run_manifest.json,4e89e88da5ef6e03771d969b8e1b4ef652eb4e08d8e461fd71561f1004abfceb
cameraAnimSample,primary_scheduler,False,top_security,existing_upstream_checkout,OpenHarmony,75a62371917ab87db71d92eac22c3ead8511ce55,dc3a142baca136d2052751a56a871e11c6d80ebb,2364,4.653130287648055,lt_100,11,0,11,0,0,11,1.0,1.0,1,5,1,1,latest_candidate_is_best_valid,not_available,not_run,608924,527616,14090,623014,,446.79420350899454,7,4,False,/home/zhihao/hdd/haprepair/baseline_data/exp_hapskill/runs/exp_hapskill_35_luna_v14_namespace_export_safe_01/hapskill/cameraAnimSample/run_manifest.json,a6b138f2700c5df78b0de620dd73fddb55f47088be825ed790b26c6ef308f1fd
flutter_embedding,audited_retry,False,top_security,GitCode,OpenHarmony-TPC,586a3d4e88a3c01c09d749c744d25df9f75b7eb5,c40bcf635d8cd7baeafe8790ba59148155749e8d,16742,7.3467924979094485,100_to_499,123,23,100,23,0,100,0.8130081300813008,0.8130081300813008,5,5,3,5,restored_best_valid_candidate,not_available,not_run,124406922,115639040,1230872,125637794,,3042.6029603880015,9,4,False,/home/zhihao/hdd/haprepair/baseline_data/exp_hapskill/runs/exp_hapskill_35_luna_v14_namespace_export_safe_flutter_embedding_retry_01/hapskill/flutter_embedding/run_manifest.json,bb2af509e1ab80f93ad6fb2f0f78164ea7f08b10788b3cd3cf5f92d408b3340d
ohos_cordova,primary_scheduler,False,top_security,existing_upstream_checkout,OpenHarmony-SIG,339433ac3c459cd4c3ca532ff8dc38e294e14249,a6cc75197a0ee77b7e7773cdc5c89bb48241851a,4064,6.397637795275591,lt_100,26,7,19,7,0,19,0.7307692307692307,0.7307692307692307,5,5,1,5,restored_best_valid_candidate,passed,not_run,7374509,6702080,83699,7458208,,1583.6170514419791,6,3,False,/home/zhihao/hdd/haprepair/baseline_data/exp_hapskill/runs/exp_hapskill_35_luna_v14_namespace_export_safe_01/hapskill/ohos_cordova/run_manifest.json,8eccb83bffb055d5ca1b4b79e5b27c5603c6ab918fc45048cd0bf54b28d2c2c9
ohos_dfu_library,primary_scheduler,False,top_security,existing_upstream_checkout,OpenHarmony-SIG,e4316d7c4cd49cbb54daa86ed9f7689925d6e084,7bfd067058be7e96ef385a52f3399d088213a56a,7424,22.494612068965516,100_to_499,167,0,167,0,0,167,1.0,1.0,2,5,2,2,latest_candidate_is_best_valid,not_available,not_run,15986936,15240960,153291,16140227,,1280.83818724897,6,4,False,/home/zhihao/hdd/haprepair/baseline_data/exp_hapskill/runs/exp_hapskill_35_luna_v14_namespace_export_safe_01/hapskill/ohos_dfu_library/run_manifest.json,c1ce858f311b4d30765004598db2daf753e2245763bf6f106a8a00fcca959c8e
ohos_mail_base,primary_scheduler,False,top_security,existing_upstream_checkout,OpenHarmony-TPC,81b8d803c41433b78e8a365cbec96450c9c87c72,36e2a43cab5330f502ad996d2724e6c2412ee46a,18517,7.66862882756386,100_to_499,142,0,142,0,0,142,1.0,1.0,3,5,3,3,latest_candidate_is_best_valid,not_available,not_run,17574301,16335872,133964,17708265,,1910.8155831620097,15,4,False,/home/zhihao/hdd/haprepair/baseline_data/exp_hapskill/runs/exp_hapskill_35_luna_v14_namespace_export_safe_01/hapskill/ohos_mail_base/run_manifest.json,072f3113f131f4ecbe1b0b569c2a22de7a30a03be2e62e0562038f884accda46
shopping,primary_scheduler,False,top_security,existing_upstream_checkout,OpenHarmony-SIG,6fcaae73f77ced494de7e3765f8cb3756901b7bf,40ec7590bc1c9d68d58447e4577247ae0061e10c,3523,33.21033210332103,100_to_499,117,0,117,0,0,117,1.0,1.0,3,5,3,3,latest_candidate_is_best_valid,not_available,not_run,6676445,6176512,84770,6761215,,429.3099879240035,10,6,False,/home/zhihao/hdd/haprepair/baseline_data/exp_hapskill/runs/exp_hapskill_35_luna_v14_namespace_export_safe_01/hapskill/shopping/run_manifest.json,be24f93dc257111f6a30747837f85b8b957088fc93775a757e2acd0db77d1838
wifi_testapp,primary_scheduler,True,top_total,existing_upstream_checkout,OpenHarmony,39463eeda7f0177937e9edbe8fb0bcce0c1ee577,f15c787f02236ada7c024fb5753c652708247462,94301,11.389062682262118,ge_500,1074,0,1074,0,0,1074,1.0,1.0,2,5,2,2,latest_candidate_is_best_valid,not_available,not_run,5012701,4651776,65482,5078183,,779.8415492569911,8,2,False,/home/zhihao/hdd/haprepair/baseline_data/exp_hapskill/runs/exp_hapskill_35_luna_v14_namespace_export_safe_01/hapskill/wifi_testapp/run_manifest.json,ee59eddac99a0cee362aa9a05c3eceeaa376c9b77b7ee50baf25b291bfec54ee
